year,economics_total,第一阶段 创造性破坏/企业家,第二阶段 增长核算/余值,第三阶段 演化/创新系统,第四阶段 内生增长,第五阶段 专利/溢出/风险资本,第六阶段 活力/集中/自动化/AI
1950,10627,1,0,0,0,0,0
1951,11175,1,0,0,0,0,0
1952,10592,4,0,0,1,1,0
1953,11032,3,0,0,2,1,2
1954,11918,2,0,0,0,1,1
1955,11869,2,0,0,1,1,3
1956,11285,2,0,0,0,0,12
1957,12135,2,0,0,1,0,7
1958,12978,2,0,0,0,0,9
1959,13358,4,0,0,1,0,5
1960,13995,2,2,0,0,0,15
1961,14521,4,0,0,4,0,6
1962,15585,1,1,0,1,0,9
1963,16026,2,0,0,0,1,13
1964,17684,4,1,0,2,0,11
1965,17876,3,0,0,0,1,11
1966,18465,4,0,0,1,0,15
1967,19807,1,0,0,4,0,19
1968,20886,5,2,1,5,1,12
1969,22497,13,1,1,5,1,14
1970,26821,11,5,2,5,1,21
1971,24505,4,5,0,6,0,13
1972,25877,7,9,0,8,4,14
1973,27521,7,4,1,11,1,13
1974,30156,10,6,0,6,1,10
1975,31994,15,2,0,8,0,10
1976,33188,6,8,0,16,0,17
1977,34251,8,7,0,11,1,16
1978,36821,14,8,4,10,2,22
1979,37289,13,9,2,21,1,18
1980,39311,16,6,6,10,0,42
1981,40044,12,14,0,22,3,40
1982,41093,14,18,0,22,3,55
1983,43979,10,18,1,25,4,66
1984,47083,13,18,0,20,4,93
1985,47768,24,26,1,27,5,96
1986,50527,30,17,5,38,7,106
1987,54470,29,26,2,49,9,109
1988,56137,32,30,9,52,6,113
1989,59804,39,47,3,62,2,100
1990,62052,38,36,7,74,8,130
1991,64418,54,44,10,118,11,123
1992,68910,62,51,16,118,9,161
1993,72438,72,70,17,174,18,196
1994,74907,63,69,28,198,16,178
1995,79722,67,75,42,251,22,180
1996,83242,75,91,30,295,35,180
1997,86415,97,119,54,266,25,172
1998,89215,108,122,56,346,61,187
1999,93050,153,160,55,354,75,171
2000,113377,168,183,80,388,87,196
2001,114027,177,194,96,377,122,221
2002,128255,240,261,105,392,138,229
2003,144908,246,271,162,471,119,235
2004,156538,308,330,137,449,158,217
2005,167180,332,328,130,450,185,281
2006,180010,407,359,170,440,191,338
2007,206633,529,450,170,487,207,330
2008,217446,538,441,199,522,252,390
2009,238526,690,543,203,535,276,404
2010,255267,743,582,180,506,258,506
2011,275346,844,643,270,512,290,534
2012,292418,995,569,195,511,243,584
2013,308641,1136,629,273,478,303,714
2014,316274,1219,611,238,465,268,768
2015,321976,1228,545,237,439,281,756
2016,368143,1401,550,209,387,275,812
2017,346543,1542,573,260,411,287,1089
2018,348149,1546,566,224,360,271,1398
2019,335464,1857,584,258,353,331,1886
2020,361357,1971,647,252,322,286,2501
2021,322246,2005,655,239,346,312,2602
2022,288431,1757,764,205,275,305,2601
2023,361712,1972,915,213,329,274,3463
2024,367483,1965,971,213,264,305,5408
