year,第一阶段 创造性破坏/企业家,第二阶段 增长核算/余值,第三阶段 演化/创新系统,第四阶段 内生增长,第五阶段 专利/溢出/风险资本,第六阶段 活力/集中/自动化/AI
1950,0.09409993413004611,0.0,0.0,0.0,0.0,0.0
1951,0.0894854586129754,0.0,0.0,0.0,0.0,0.0
1952,0.3776435045317221,0.0,0.0,0.09441087613293052,0.09441087613293052,0.0
1953,0.2719361856417694,0.0,0.0,0.18129079042784627,0.09064539521392313,0.18129079042784627
1954,0.1678133915086424,0.0,0.0,0.0,0.0839066957543212,0.0839066957543212
1955,0.16850619260257813,0.0,0.0,0.08425309630128906,0.08425309630128906,0.25275928890386723
1956,0.17722640673460346,0.0,0.0,0.0,0.0,1.0633584404076206
1957,0.16481252575195715,0.0,0.0,0.08240626287597858,0.0,0.57684384013185
1958,0.15410695022345508,0.0,0.0,0.0,0.0,0.6934812760055479
1959,0.29944602485402005,0.0,0.0,0.07486150621350501,0.0,0.37430753106752507
1960,0.1429081814933905,0.1429081814933905,0.0,0.0,0.0,1.0718113612004287
1961,0.2754631223744921,0.0,0.0,0.2754631223744921,0.0,0.41319468356173816
1962,0.06416426050689766,0.06416426050689766,0.0,0.06416426050689766,0.0,0.5774783445620789
1963,0.12479720454261825,0.0,0.0,0.0,0.062398602271309125,0.8111818295270186
1964,0.2261931689662972,0.0565482922415743,0.0,0.1130965844831486,0.0,0.6220312146573173
1965,0.16782277914522264,0.0,0.0,0.0,0.05594092638174088,0.6153501901991497
1966,0.2166260492824262,0.0,0.0,0.05415651232060655,0.0,0.8123476848090982
1967,0.050487201494421166,0.0,0.0,0.20194880597768466,0.0,0.9592568283940021
1968,0.23939480992052092,0.09575792396820837,0.047878961984104185,0.23939480992052092,0.047878961984104185,0.5745475438092502
1969,0.5778548250877895,0.044450371160599196,0.044450371160599196,0.22225185580299595,0.044450371160599196,0.6223051962483888
1970,0.41012639349763247,0.18642108795346932,0.07456843518138771,0.18642108795346932,0.037284217590693856,0.782968569404571
1971,0.16323199347072026,0.20403999183840033,0.0,0.2448479902060804,0.0,0.5305039787798408
1972,0.27051049194265175,0.34779920392626656,0.0,0.30915484793445913,0.15457742396722957,0.5410209838853035
1973,0.2543512227026634,0.1453435558300934,0.03633588895752335,0.3996947785327568,0.03633588895752335,0.4723665564478035
1974,0.33160896670645973,0.19896538002387584,0.0,0.19896538002387584,0.03316089667064597,0.33160896670645973
1975,0.46883790710758266,0.06251172094767769,0.0,0.25004688379071077,0.0,0.3125586047383884
1976,0.18078823671206462,0.24105098228275282,0.0,0.48210196456550564,0.0,0.5122333373508496
1977,0.23356982277889698,0.20437359493153484,0.0,0.32115850632098336,0.029196227847362123,0.46713964555779397
1978,0.3802178104885799,0.2172673202791885,0.10863366013959425,0.27158415034898564,0.05431683006979712,0.5974851307677684
1979,0.34862828179892197,0.2413580412454075,0.05363512027675722,0.5631687629059509,0.02681756013837861,0.482716082490815
1980,0.4070107603469767,0.15262903513011625,0.15262903513011625,0.2543817252168604,0.0,1.0684032459108137
1981,0.2996703626011388,0.34961542303466187,0.0,0.5493956647687545,0.0749175906502847,0.9989012086704626
1982,0.34069062857420973,0.4380308081668411,0.0,0.5353709877594723,0.0730051346944735,1.338427469398681
1983,0.2273812501421133,0.4092862502558039,0.022738125014211328,0.5684531253552833,0.09095250005684531,1.5007162509379477
1984,0.27610814943822615,0.38230359152985155,0.0,0.4247817683665017,0.08495635367330034,1.975235222904233
1985,0.5024284039524368,0.5442974376151399,0.020934516831351533,0.5652319544464913,0.10467258415675766,2.0097136158097473
1986,0.5937419597442951,0.3364537771884339,0.09895699329071585,0.7520731490094406,0.1385397906070022,2.0978882577631763
1987,0.532403157701487,0.47732696897374705,0.0367174591518267,0.899577749219754,0.1652285661832201,2.001101523774555
1988,0.5700340239058019,0.5344068974116893,0.16032206922350678,0.926305288846928,0.10688137948233785,2.012932646917363
1989,0.6521302922881412,0.7859006086549395,0.050163868637549326,1.036719951842686,0.03344257909169955,1.6721289545849776
1990,0.612389608715271,0.5801585766776253,0.11280861213176047,1.1925481853928963,0.1289241281505834,2.09501708244698
1991,0.838275016299792,0.6830389021702009,0.15523611412959112,1.831786146729175,0.17075972554255023,1.9094042037939707
1992,0.8997242780438253,0.740095777100566,0.23218691046292264,1.7123784646640545,0.13060513713539398,2.336380786533159
1993,0.9939534498467654,0.9663436317954665,0.23468345343604186,2.4020541704630167,0.24848836246169134,2.705762169027306
1994,0.8410428931875525,0.9211422163482719,0.37379684141669006,2.6432776643037363,0.21359819509525144,2.3762799204346723
1995,0.8404204611023306,0.9407691728757431,0.5268307368104163,3.1484408318908206,0.2759589573768847,2.2578460149017836
1996,0.9009874822805796,1.0931981451671033,0.3603949929122318,3.543884096970279,0.4204608250642704,2.162369957473391
1997,1.122490308395533,1.3770757391656543,0.6248915118902968,3.078169299311462,0.2893016258751374,1.9903951860209455
1998,1.2105587625399317,1.3674830465728858,0.6276971361318164,3.8782715911001513,0.6837415232864429,2.0960600795830295
1999,1.6442772702847932,1.7195056421278883,0.5910800644814617,3.8044062332079527,0.8060182697474476,1.8377216550241806
2000,1.4817820192808067,1.6140839852880213,0.7056104853718126,3.4222108540532914,0.7673514028418462,1.7287456891609407
2001,1.5522639374884895,1.7013514343094178,0.8419058644005367,3.306234488322941,1.0699220360090156,1.9381374586720688
2002,1.8712720751627616,2.0350083817395035,0.8186815328837083,3.0564110560991775,1.0759814432185881,1.7855054383844684
2003,1.6976288403676816,1.8701520965026086,1.117950699754327,3.2503381455820244,0.8212106992022524,1.6217186076683137
2004,1.9675733687666892,2.1081143236785955,0.8751868555877806,2.8683131252475436,1.0093395852764184,1.3862448734492583
2005,1.985883478885034,1.9619571719105156,0.7776049766718507,2.6917095346333295,1.1065916975714798,1.6808230649599234
2006,2.2609855008055106,1.9943336481306595,0.944391978223432,2.4443086495194715,1.0610521637686794,1.877673462585412
2007,2.560094467001883,2.177774121268142,0.8227146680346314,2.356835549016856,1.0017760957833455,1.5970343555966373
2008,2.4741774969417696,2.028089732623272,0.9151697432925876,2.400596010043873,1.1589084186418699,1.793548743136227
2009,2.892766407016426,2.2764813898694483,0.8510602617743978,2.242942069208388,1.1571065628065704,1.6937356933835306
2010,2.9106778392820067,2.279965682990751,0.7051440256672425,1.9822382054868042,1.0107064367897143,1.9822382054868042
2011,3.0652342870424847,2.3352436570714667,0.9805844283192783,1.8594786196276685,1.0532203118984842,1.939378091564795
2012,3.4026633107401048,1.9458446470463513,0.6668536136626336,1.7474984440082348,0.8310021954872819,1.997141078866554
2013,3.6806516308591535,2.0379664399739505,0.8845227950920325,1.5487248939706648,0.9817231022450031,2.3133673102407006
2014,3.854252957878295,1.9318692020210324,0.7525120623257049,1.4702441553842556,0.8473665239633988,2.428274217924964
2015,3.8139488657539693,1.6926727457947175,0.7360797078043084,1.3634556612915247,0.8727358560886526,2.348001093249186
2016,3.805586416148073,1.493984674433576,0.567714176284759,1.051221943646898,0.746992337216788,2.205664646618298
2017,4.44966425522951,1.653474460600849,0.7502676435536139,1.1860000057712894,0.8281800526918738,3.1424671685764825
2018,4.440627432507346,1.6257407029748756,0.6434026810359932,1.0340400230935605,0.7784023507176525,4.015522089679993
2019,5.535616340352467,1.740872343977297,0.7690840149762717,1.0522738654520307,0.9866930579734339,5.622063768392436
2020,5.454439792227631,1.7904731332172894,0.6973712976364095,0.8910855469798565,0.7914610758889409,6.921133394399444
2021,6.221954655759886,2.0326086281908853,0.7416694078436971,1.0737138707695364,0.9682044152603911,8.074576565729288
2022,6.091578228415115,2.648813754416134,0.7107419105435963,0.9534342702414095,1.0574452815404722,9.01775467962875
2023,5.451851196532047,2.5296368381474763,0.588866280355642,0.9095634095634096,0.7575087362321405,9.573915159021542
2024,5.347186128337909,2.642299099550183,0.5796186490259413,0.7184005790744061,0.8299703659761132,14.716327013766623
