rep,nu_ols,nu_iv,se_nu_iv,first_stage_F,nu_free,beta_free,n_obs_migration,n_pairs_migration,theta_0,se_theta_0,theta_1,se_theta_1,theta_2,se_theta_2
0,6.181163087216206,5.75292182548764,0.18735881924172956,6349.41728001812,6.743703467755618,1.0249718559007532,11780,310,7.435883285042785,0.20477907195462866,4.9629937006542875,0.17890120622737718,4.515631895971593,0.1820004425307683
1,5.944411260285728,5.274251306555067,0.1783114136193769,7211.534147374196,6.428094351750177,1.036547430369274,11742,309,7.613367958191847,0.2396617495199797,5.128045019523218,0.18386372937556475,3.547412883889691,0.13720541541634754
2,5.987396771973758,5.3055320161485096,0.1726704605620103,6526.258014050782,5.951438175413692,1.016683333218651,11780,310,7.577382768896082,0.24880244339509,5.3055258448039115,0.16149888554283873,3.5700710771219057,0.20284293195929837
3,6.149177104253007,5.093295649899378,0.14556022474466077,9167.10009137624,5.172311065651841,0.9940181647990846,11742,309,8.265419826122184,0.20508408526527952,4.597969602611939,0.1605568226688758,4.512981179291944,0.16541628710430759
4,6.371036016837748,5.549269506858606,0.1709391723319467,7659.735897726367,5.46316249738764,0.9862600082728562,11780,310,8.067598338956815,0.19956782177187354,4.754941115462339,0.19469889864055873,4.981085449906101,0.2393375517478977
5,6.071449159435457,5.675176898363549,0.19307028335300988,6559.390101327012,6.8419840611291365,1.0314423256468015,11780,310,8.330693673857875,0.2233450629595767,5.410504019102239,0.19723416193793258,3.5175428856231643,0.1776118640882438
6,5.7833122355095234,5.295973250131714,0.1899240606238596,8672.342754173089,4.440668168404371,0.9455345000620857,11780,310,7.817139032794601,0.21454272146721265,5.118636114529102,0.17842442449994128,4.140610971085043,0.1887456985458581
7,5.9822956293203955,5.595773569283509,0.15704017452667002,8222.685159837165,5.416593295955478,0.9822486101813025,11742,309,7.79349172245912,0.23085569261851963,5.266718644688301,0.16450542789065173,4.107695419847108,0.18769217203920407
8,6.272342373444549,5.3533275497774815,0.14533668443744405,9885.35572215176,5.064335599080596,0.976285601471893,11780,310,7.758745538596805,0.2043492262974752,4.731914525249782,0.19938711725092123,3.8270393779782332,0.1237621040274646
9,6.162676788265036,5.300350020671876,0.16088843609747458,6545.336895660325,5.08487310420627,0.9798588689782411,11780,310,7.918288664397613,0.2039458495561763,4.859942492067136,0.22713935027718804,3.9246970058540027,0.16483299216589398
10,6.1885022126439715,5.6030992141019285,0.18997254458455143,9445.369011483126,4.827612508299057,0.9529411022244801,11780,310,8.251233690102683,0.2361269627214238,5.042497126445201,0.14070233963936282,3.684499173941417,0.19942668790092055
11,6.138379675690607,5.397213178635347,0.18947258971128877,7960.093535565738,4.468198456063657,0.9428312796535756,11742,309,8.321027833290197,0.2703824129245841,4.889655663097502,0.16784702512772648,4.4862536917833955,0.22235248243493072
12,6.315105693610247,5.434168694975379,0.15742331325346634,8164.909028184884,5.123042995763331,0.9754952889187418,11742,309,8.44254499263387,0.26567282676932213,4.665754395173757,0.15747972949012237,3.2725669756816367,0.1781022534615604
13,6.029138667004641,5.193698496420182,0.1455533466820483,7352.360243276222,6.177438678411656,1.032790984881544,11742,309,8.105070859895196,0.2286427953363223,5.0632750307068815,0.15638722251026888,5.116030058750921,0.3275469016141137
14,6.423203008835802,5.368456300740013,0.16065596888396028,8697.475969539562,6.091651927174027,1.0204841430913216,11742,309,7.77897583848944,0.19472044197687702,5.01348507271757,0.19191021161196584,4.244048445878359,0.175262432466454
15,6.011538314901772,5.455293761048353,0.18993623637681076,8528.689475040394,5.4181983741495525,0.988374764181864,11742,309,8.126737451565266,0.1825895518481172,4.992518597259387,0.15003253542550435,3.921779942683485,0.18205273848481404
16,6.200382028166207,5.527292420550407,0.16362653279959002,10041.966880215206,5.700982237910701,0.9974587039406406,11742,309,7.619556269921277,0.239210856564299,4.59608273963291,0.14642866558798923,4.045272592216954,0.18584314028214816
17,6.708672815470259,5.403374904114944,0.16579241797420105,6777.451181200491,6.217727178355131,1.0230638565175474,11704,308,7.419398333680626,0.2719055791848974,4.753275896363417,0.14220753791596522,3.999458831885288,0.15364345267626386
18,5.878997379456053,5.281408549722129,0.18146394861848752,6894.88405403177,4.609119600403626,0.9566115925133792,11742,309,7.951654198304035,0.2925146080501118,5.010370804328229,0.19072670204085224,3.4142679762023875,0.1906011581161489
19,6.293161251830198,5.656746297744093,0.1971915450361308,6840.703823398889,4.709807465378501,0.9451001671108639,11818,311,8.210888954908707,0.24622574876960976,4.985290209474805,0.17599023129813646,3.732218124513009,0.19537695304406044
20,6.1304212168367735,4.985017569038728,0.16020700365485804,6327.684617188811,4.411274573039973,0.9578868528984548,11742,309,8.3823872938512,0.24181421350390606,4.918480790749837,0.1849655646326328,4.0803392216647,0.18214715446020213
21,5.9066245720879955,5.325238854358997,0.16368456654274266,7073.434700070062,5.528264138766087,0.9988559106365236,11742,309,7.503692260591139,0.2438250707244271,5.004847043471706,0.21617740312170378,3.7424572595375993,0.14649015631588067
22,6.4693129657795465,5.225672824884195,0.13932219155172507,8203.121903567071,4.73141888721963,0.9651713849201115,11742,309,7.843061124536604,0.2457428220844574,4.770060567845565,0.16479107885323027,3.984852216070268,0.16986285957558747
23,5.745056097309621,5.378077917446831,0.16957961405289648,7091.305911732076,4.6717438938592295,0.955798627144735,11780,310,7.5540662439040975,0.2566108187762852,5.594332900753841,0.2071541817915946,2.884047013100139,0.2050975235621283
24,6.039522789397176,5.3016009273535865,0.18605897460829912,8070.644963132036,4.908695963872312,0.9711386070131562,11742,309,7.748781437924849,0.1735426401880389,4.680628940641789,0.17503944728280385,4.074428469169906,0.13969127667789288
25,6.808714745920634,5.482429012123653,0.23212231297224448,6548.09047049738,4.978284189255452,0.9665133826561714,11742,309,7.816826755231921,0.3038657605101041,4.9168504664820505,0.1817228058973818,3.4335993579679007,0.20120755390549136
26,6.3488924514878615,5.15731508471339,0.12642724228436075,8168.730104074203,5.064435179973112,0.9853475171428544,11742,309,7.942587218669731,0.22988916095457054,5.049814708021867,0.1863849183090942,3.846435883501785,0.13663285655365856
27,6.357077879672161,5.385708710337794,0.18738837288259824,6742.207011879643,5.048645566873674,0.9739451845730899,11780,310,7.8252402619662,0.265865647844953,5.013803443248525,0.17676159613878437,4.005560106643369,0.19745214855182333
28,6.635595938322325,5.2470227780037435,0.1817335070267863,11044.57936964524,4.089795705242033,0.925087803324765,11780,310,7.67604385199964,0.2190537533043359,4.507453326441653,0.13417598946290035,3.693357927407405,0.2506031249314457
29,6.053346058183119,5.14593193367395,0.15284287891931497,5994.930120108921,5.471090379726292,1.0049988750379764,11742,309,8.268509719908055,0.18808715011865906,5.111285373168256,0.15257645745442833,4.111399336907822,0.17902050720710908
30,6.097682218563006,5.428921341410944,0.15383284312935086,7275.819644604997,3.956769303412494,0.9081148713461541,11742,309,8.421679918649607,0.25225982321640467,5.024444149430692,0.1785315869039357,3.832682606081049,0.3123428637677686
31,6.413743571295575,5.215858212979991,0.16549202869708282,7222.519715983894,5.821916602566509,1.0162597366111012,11742,309,8.775085308973463,0.20144313489262625,4.816233678028958,0.20939430048377633,4.064652903825439,0.1779947930569158
32,6.050554593127897,5.283216468011038,0.1605459734638913,6962.407584601934,4.9748188398079725,0.9748945109162788,11742,309,8.243345817852394,0.25891302933948784,4.60335970560134,0.1519796095210265,4.019271515125613,0.20585282607494837
33,6.415315779011976,4.94111523258157,0.15347069422291382,6596.223002161194,5.995358553864009,1.0373990318742716,11742,309,8.11307054001885,0.2466443301215021,5.342648009354278,0.1999568415718426,3.625067658669966,0.14144210980993932
34,6.636930893319003,5.454760254453372,0.1493725633112838,9691.240603928067,5.6741402280645215,0.9993807152619636,11704,308,8.128185834639877,0.24532541507806233,5.025294173066769,0.20164411361181586,3.8364980467107994,0.2666721721678617
35,6.228714847627897,5.100669351198164,0.15891379093754746,8583.395760788777,3.7599386565263377,0.9078203445602969,11704,308,8.613270434257423,0.21814791765407157,5.0885766031961674,0.16617245078256518,4.624215488352682,0.31709748665066356
36,6.017253409893433,5.370433466974844,0.15296778965186608,9336.822037623091,5.610141416594914,1.0006438791196364,11742,309,7.584478538852077,0.2337078289126727,4.9720133462023925,0.17727012361198155,3.6955420201322364,0.1397544687327941
37,6.264284183020531,5.225997000580992,0.15942997428500863,7797.287101474615,4.681372713430544,0.9623334054831508,11742,309,8.462846796492242,0.2504683225655805,4.971510865357049,0.16774428838850639,4.182661679675786,0.1835516787857573
38,6.319992971899549,5.521362898946886,0.1459517111822478,10209.145816299377,5.299131229459703,0.9801393963511917,11742,309,7.967079952763321,0.17133613685050442,4.759284288070728,0.24711488019416328,4.149979673997594,0.23974863821603
39,6.226558712967107,5.250884978272746,0.16213045520684827,6640.887410000709,4.836451037224589,0.9696019939609098,11704,308,7.994424568450683,0.18492065274405012,4.858583707870916,0.17970065006667588,3.546714668609492,0.15441937570857533
40,6.081877508621665,5.211635933105264,0.1622886242298075,7374.384804469901,5.905854242723372,1.0202247510090154,11780,310,7.487280226792983,0.209663050679061,4.522562972200806,0.16420677902359132,4.1624567419200815,0.15098673450602076
41,5.925960264493046,4.986967714690906,0.13392843218762693,7713.095891135546,4.032885870734253,0.9332871450436175,11780,310,7.894562442733804,0.21144411286932,5.207612938155451,0.18359676508866093,4.4190578295771665,0.1501385503865153
42,6.211513605487608,5.327207626353723,0.18412495373548055,7514.2190468968865,6.58134423489543,1.0396859958830598,11780,310,8.211089543694033,0.24060453705136658,5.169217809814979,0.20418984789660857,4.436353732752746,0.20978754967427943
43,6.343979239319025,5.338396598323839,0.16656365365375644,7767.57517811497,4.679287368268296,0.9561231077051474,11742,309,7.85278086914695,0.2421932525915191,5.095763514121908,0.2170256314145829,3.383425939154689,0.28464378623668624
44,6.066636895912545,5.130555964357802,0.16327084307702985,8431.878774409075,5.31823447730285,0.9988788334810234,11818,311,8.015871120136854,0.28489676595204794,4.796666057763312,0.20432458196696238,3.407298416865377,0.13545546129053812
45,6.420170209779494,5.592446902758521,0.15265788200985564,8116.785950115113,6.1234079975491476,1.0107297861713214,11742,309,7.063639421779488,0.26663067965231924,5.130418767823302,0.16793418434655952,3.8349301172409715,0.3153420161456582
46,6.036763180583031,5.336664549813304,0.15333710344300708,6705.42536616473,5.4572328834972605,0.9953307275657302,11742,309,8.494317133228378,0.23582398676578845,5.199328151437939,0.18570339315261966,4.209162785056997,0.1675537395973794
47,6.2470270994798565,5.093446078720992,0.1572240519259974,8078.3114734237515,5.5523369934332045,1.0111148756378605,11780,310,7.586525076117304,0.20581221940752498,4.9513369824159446,0.18477423473900145,4.188432685929584,0.15106639986259737
48,6.0383407139051855,5.551719523489009,0.19285083962235164,7340.589956058027,5.890497116148693,1.0034061804168417,11780,310,7.6496444508160435,0.22182118667834863,4.990421566160142,0.2107001470774985,3.9472759878339496,0.3525175191997401
49,6.29821888174361,5.384331638555696,0.18204030846518726,6105.898076578221,6.645204807470782,1.0388519874166255,11742,309,8.127882298339644,0.24742774757051547,5.116306729689981,0.16022099133337897,3.979819825160695,0.17778892837098473
50,6.542024369866752,5.350986172185107,0.16594478670565813,7824.206746938888,4.575032781987195,0.9505760231562733,11780,310,8.688695795146591,0.35802005690044975,5.079267331132189,0.14200941228066755,3.3716422324017556,0.24077019370475095
51,5.9140046515290186,5.118607643206951,0.14555663087246318,7303.4076351517715,4.614707601746698,0.9633662944334654,11780,310,7.952469745918054,0.2054613115082785,5.159164727486843,0.1734144187190678,3.8373408441185606,0.19277369877799846
52,6.317391444575159,5.173352487884703,0.1592152876140409,8532.52911056873,4.774987659589734,0.9695241474202445,11704,308,7.727995456023788,0.3293857793660363,4.9670463599220716,0.1472063689826973,4.091295596411856,0.1942648349297643
53,5.861540512903263,5.285064008543725,0.16076196465047377,5988.812782068988,5.709147819491493,1.0083582741402146,11742,309,8.366560617009402,0.2466951516389956,4.9928647190791695,0.16703072345086914,3.8744251948126043,0.1465406440842225
54,6.5920690385081215,5.362159759882894,0.16137561786494725,7497.200304541897,7.01442177972457,1.0510272830620184,11742,309,7.805768056565572,0.2542888942646971,5.239330428977135,0.20583584533818888,4.120055855157251,0.2964233907730207
55,6.186970077084241,5.388806369593144,0.14893651901261157,9257.302675413534,5.356316345790509,0.9885441311408805,11742,309,8.244497148622095,0.20268702658632412,4.988077615498034,0.21124044400591668,3.962106268983981,0.2346368557329345
56,6.229404070710343,5.121042504871079,0.14561641993653954,7455.222238907479,5.838101136359033,1.0221599804655295,11780,310,8.268306221938186,0.20182209444802748,4.839487643472875,0.16850547151999895,4.075999028606586,0.23401322900553936
57,5.99894065465855,5.151224507250327,0.15270466158090906,8559.084775197814,5.9197295181816765,1.0242648995113823,11780,310,7.790667623160619,0.2151006715516761,5.156396262536211,0.16995591438518395,4.187483465065841,0.14203339509811502
58,6.454412345268045,5.530256138256137,0.16817785199614127,6388.173295968698,5.749846988545278,0.9989182602156025,11780,310,8.536327408114754,0.2838566751098446,5.221031406000981,0.17799803311796397,4.1482569441111545,0.1735526722498309
59,6.108956344573618,5.1886162223023975,0.18985475212680983,6276.2512655026285,5.213032396194904,0.991199505406945,11780,310,8.274904413389486,0.1904210580332607,5.123590084349124,0.2105573653962373,4.209674511974246,0.1492328180949822
60,6.201730824391375,5.283450990498082,0.21534788225506124,7151.3011646080195,4.933699425765145,0.9729129543862846,11742,309,7.998584392709411,0.22429631747014062,5.0030002540070315,0.16548177860151225,4.064571584477488,0.2921909542309274
61,6.05285355773558,5.294003365003324,0.18302137979948405,8191.013911979615,3.804621127629498,0.9017260157794093,11742,309,8.023541863946868,0.3044318226839227,5.417537529376493,0.16826252446000609,4.409679738233307,0.1575959717344633
62,6.18792809279848,5.327936030850881,0.14926439437755687,8093.170558516103,6.643346649409328,1.0424020321546872,11780,310,8.153837541078879,0.1642805626392278,5.415521481475821,0.18658128838059668,4.407203124384766,0.1560775826317196
63,6.087742111019785,5.592431812028631,0.17831329188085213,8345.772141174522,5.797847372948775,0.9983241136206841,11780,310,8.045046397732174,0.21878672273362854,4.815892873340869,0.17975014144400062,4.082767736906991,0.1414452903985504
64,6.227925563703549,5.1135078419739255,0.1477103463469469,8119.5950538182315,4.553780265318058,0.960130208299943,11818,311,8.11439366871294,0.2939324433511609,5.029060205669878,0.19793872607154392,4.358217354347868,0.25972669056914494
65,6.424444501780424,5.420419989370718,0.18492617019663532,6603.021318252252,6.19085962996149,1.0210260617350373,11742,309,8.074510727838005,0.3684517292850165,5.0841962565621515,0.1807419685858629,4.039325293809507,0.20791580989457056
66,6.574989384613692,5.460844561994494,0.17780373824006368,9337.81694083683,4.880816655254578,0.9619930300189693,11780,310,8.126468334134628,0.33440438144159973,5.083527570303719,0.17492044036985285,3.9444676757341885,0.134396352093626
67,6.286906155333725,5.514269919091418,0.17361150978796785,7673.821841530786,4.853317795571674,0.958949059226926,11742,309,8.001661905915004,0.21276331731580872,5.107008073722634,0.20605544874417525,4.0079760763817385,0.1500680320924874
68,6.532071024177233,5.401894886599988,0.20211290322906533,7174.394008992569,5.033442838421716,0.972829065878007,11780,310,7.49652074518104,0.19121250098027348,4.617593009432811,0.1969531013162144,3.9623800797020152,0.1962232110938137
69,6.253777326389368,5.332959695939687,0.1808578487577734,8402.026913729242,6.531260311290665,1.0369070683640655,11666,307,7.930117066214911,0.23124801548866025,4.836279995302205,0.15265133157758204,4.183694397262538,0.19169130690111288
70,6.265185125808038,5.184983282557094,0.18479844745914165,5898.3254092996185,5.170709831114519,0.9892979636608844,11780,310,7.637270224093202,0.2799544407079706,5.047639046690988,0.14479766814872772,3.8593186175540763,0.2087032871095174
71,6.098183071603591,5.296818384684623,0.17142763531751862,5019.57711650814,4.9301704941786575,0.9727331592975554,11780,310,8.001288646587483,0.21836460674379776,5.173684161226549,0.20251226889574897,4.020220214184463,0.28762004118701384
72,6.537478927978698,5.422232961023306,0.14778638336705194,9258.71356653735,7.768058797245464,1.0686343264504816,11780,310,7.552339094854216,0.2109550910430833,5.2297896032397855,0.196397481555466,3.8668751615994825,0.22936740661874083
73,6.029412599462263,5.40794551558832,0.16976777656509043,4840.373804313081,4.542528481550307,0.9469345019917316,11780,310,7.812437490829226,0.2574856862317595,5.103726995710047,0.2059620306953654,4.50839721507681,0.2136194565169808
74,6.229497869362473,5.118509733976748,0.15889999769582142,6355.833021071717,6.780903607627604,1.054885569666851,11780,310,7.858776302964969,0.27562236708414223,4.5659846226430165,0.17019313162648028,4.034867709274483,0.27724151670434166
75,6.547539126175265,5.3401348195191485,0.143534871113304,8137.691776258205,5.250958900764252,0.9858291653718272,11780,310,8.002324098704639,0.23542013606515513,4.883163932645036,0.1927834329048168,3.7121560734505827,0.24925097470093416
76,5.94386419037169,5.328610858123183,0.18927917264045074,8774.438282509516,5.074848938055872,0.9780091519265414,11742,309,7.770646689643825,0.1832291784288534,5.2146551877774066,0.21207488229414062,3.872650752722309,0.1849007845601861
77,6.4890186676148325,4.935587877272193,0.16834208785545057,6386.897711819144,4.6695224121978045,0.9750952262758106,11780,310,7.6849801738934405,0.17914805480266194,4.515377389330658,0.1962223583609011,4.114859633342376,0.23608871915750965
78,5.865546756658933,5.215329859683899,0.15874796465605928,9397.629170474193,6.629604499379467,1.0466973009304519,11742,309,7.807421295279737,0.27671438959030864,4.941918862331699,0.1925512237957008,4.255970681868551,0.09837944927933902
79,6.201218721551713,5.252715631253213,0.15675669906976575,8602.778849351173,5.4482121150048055,0.999137620474064,11742,309,7.8923726957202565,0.20850791418572354,4.851250314955751,0.19783114665383406,4.654191944412712,0.14826894260303647
80,6.423754544160547,5.265533047065275,0.1634982219291514,8416.387269223998,5.702037488097659,1.0095102452930953,11780,310,8.23774658578573,0.2246057233722129,4.914289082340545,0.2050621014558978,4.114578069781056,0.12365076497423197
81,6.297617200688824,5.285620095861437,0.14670224919439437,6746.877984329154,4.392709061694519,0.9422014795777824,11780,310,7.8164164570429655,0.2066855905566765,4.963481007236476,0.2090286747357047,4.207853294123124,0.08780921781909028
82,5.740300184961506,5.283386091845775,0.20078457764034988,10437.126818097542,6.211036848323506,1.0293672103159406,11780,310,8.378380299654761,0.19449987584861414,5.029318143162494,0.18472854502741118,3.745186340840793,0.12052004146626918
83,6.129322278779179,5.419303167758425,0.1922164516332894,6524.933678484868,6.907374348271127,1.0444867038334613,11742,309,8.228133320376886,0.21228364269348068,4.7903172229350295,0.18023461863310222,3.6965964187099485,0.21829398342684722
84,6.292600017974344,5.402275753494035,0.16626912985082704,8536.532088802294,5.750106881215497,1.0045258144698002,11704,308,8.244859411381048,0.2042073756131458,5.190669579132704,0.21431307783198927,3.984376481971428,0.16571717661190263
85,6.2564445409381495,5.615132169689366,0.19616540816992664,8282.591948393818,5.04165983639642,0.9645783420677346,11742,309,7.701253728605855,0.17485174688888036,5.292915953487683,0.24708060602448498,4.106283943905711,0.1782903555472279
86,6.171870007098444,5.307188862780421,0.15851712061943746,9244.535415444643,5.914739794401689,1.0157877765737386,11704,308,8.13892520817948,0.3048116061921402,4.840704044422719,0.1397396333510188,3.737706421552704,0.15449586765122894
87,5.855294407498343,5.053901784525898,0.15240397611689943,9472.208248488978,4.2987335580815715,0.9475007112261735,11742,309,7.908408073727292,0.23571278157279998,4.785800226927524,0.22289488965688,4.329944178567322,0.21234528812545445
88,6.537620708033663,5.733966266106992,0.22138014867256245,8080.7592957432125,5.556078458659694,0.9825918683144986,11780,310,7.863243903956633,0.21661224864441295,4.935323288653307,0.14827290921721534,3.8542649770753936,0.1845263526154304
89,5.721774227886906,5.438348897603194,0.20226688768637904,6832.742468826712,4.384085798604813,0.9353645093918278,11742,309,8.104975401329163,0.21107357643296323,4.902758644249822,0.15656748562364356,3.384835763742375,0.14592392359483963
90,6.107564749143114,4.917230871734409,0.1686843961829523,7142.976946959669,4.09504249531228,0.9405019678327873,11780,310,8.055562636529453,0.2298096798474902,5.047758172430232,0.1997627370952518,3.9273033688368932,0.12569188330338266
91,6.32562183877623,5.430576929318345,0.1799657122727783,7591.824494303589,5.3200839835420695,0.9848719609139508,11742,309,7.80041481447743,0.2692365251873937,4.902146735640461,0.17601212953539516,4.12394237092232,0.22205609667627896
92,6.229175221092823,5.033768696447715,0.15942899625386356,5603.683808947602,5.42520204694355,1.0084553225352044,11742,309,8.320580747637681,0.23516535588280452,5.137481737287082,0.20455526203265326,4.001951488870598,0.18935271276662116
93,6.025070038268595,5.335735601105212,0.1884005707501262,7230.345759224448,4.996787865323822,0.974367333883655,11780,310,8.07136333118613,0.18976316217360523,5.250771548004365,0.19618309808259857,3.6938781487338552,0.2260746739998798
94,6.546874354611944,5.077727376321776,0.15013762086734522,6287.486429874771,5.210869492673406,0.996325476054385,11780,310,8.132617387127858,0.2430355323420401,5.234605301525213,0.1886708891880472,4.581121728503167,0.1861798291727701
95,5.979007299076503,5.588113947635486,0.16602029258209713,8430.313772548465,4.00682250516998,0.9056284237566871,11742,309,7.739921349706142,0.16990806285217286,4.550742854989269,0.19517636600526064,4.365542501608329,0.1690266503445353
96,6.183520593204503,5.106177181929334,0.16137158045354974,6539.615945913691,6.385410234475515,1.0438493304899392,11780,310,8.08190196778468,0.2072655827564537,4.782918087007779,0.23339531354400248,3.862746696118455,0.22560588662072162
97,5.823829349317773,5.335179041867718,0.1847623120627384,6938.897152080351,4.701312641701456,0.9578297608532318,11742,309,7.860176641683677,0.2685938062198281,5.352059132245046,0.1723410757200507,3.91107151696029,0.22090840745054754
98,5.894352879776094,5.54038458844358,0.19280184862016858,8737.356998570773,5.46838580400614,0.9869432198370703,11780,310,8.001478333765132,0.18740636638649258,5.319402265384573,0.1673830356066044,4.13038514189071,0.17181005214873862
99,6.213007335972205,5.416331987940604,0.176145247787612,8884.210496666314,6.375702205715667,1.0275840673504235,11780,310,7.824590803730367,0.24114922251956342,4.873388024943357,0.16559923594375586,4.085232357453996,0.21406674330323633
