scenario,region,ce_levels,ce_dha_true_params,ce_dha_estimated_params
foreign_shock,R1,0.3036782649665746,0.30367826496970923,0.30859316074389026
foreign_shock,R2,0.25524647958014535,0.2552464795877711,0.26117502559141476
foreign_shock,R3,0.16244489455433986,0.16244489457075142,0.16102664165965702
foreign_shock,R4,0.1471299496608955,0.14712994967256843,0.14645166235171195
foreign_shock,R5,0.14490631224992556,0.14490631226632555,0.14307802241936304
foreign_shock,R6,0.1778455770832828,0.17784557709680993,0.17755617249130692
foreign_shock,R7,0.14226495974777334,0.14226495976956743,0.1407642516046887
foreign_shock,R8,0.1644999165991494,0.16449991660368007,0.16474276891223663
foreign_shock,全国,,0.18287119736209326,0.18338161933482108
corridor,R1,1.6701505705596986,1.670150570560244,1.6730135720915265
corridor,R2,1.8441531702438907,1.8441531702481369,1.8527226129542325
corridor,R3,2.399605358231968,2.3996053582494645,2.421358531990362
corridor,R4,1.3993407901674066,1.3993407901774135,1.399413866707872
corridor,R5,1.5045074893561032,1.5045074893742783,1.5090396391066798
corridor,R6,1.2612730650496464,1.2612730650636723,1.2586162129781437
corridor,R7,1.2422223469474554,1.2422223469670013,1.2397588858723603
corridor,R8,1.246179390437346,1.246179390437449,1.2423170261947987
corridor,全国,,1.503376055810089,1.5056499347293766
migration_reform,R1,3.499424604553774,3.4994246045459905,3.7660105379471087
migration_reform,R2,3.795419015369942,3.7954190153773224,4.087253244946506
migration_reform,R3,4.1439966426154475,4.143996642633642,4.476274341483232
migration_reform,R4,3.9148824107019866,3.9148824107108746,4.226863477926883
migration_reform,R5,3.8719564833617945,3.871956483374847,4.180551629573192
migration_reform,R6,4.1925340874895705,4.192534087506011,4.5310520362764235
migration_reform,R7,3.7950008254607988,3.7950008254782364,4.095819340487155
migration_reform,R8,3.6456391186368333,3.645639118629528,3.9338345693870505
migration_reform,全国,,3.839633613092518,4.14307084869415
